{
    "ZRX":"0x",
    "1INCH":"1inch",
    "BULL":"3x-long-bitcoin-token",
    "BEAR":"3x-short-bitcoin-token",
    "AAVE":"aave",
    "ACA":"acala",
    "FARM":"harvest-finance",
    "TLM":"alien-worlds",
    "ALPHA":"alpha-finance",
    "AMP":"amp-token",
    "ANKR":"ankr",
    "ATA":"automata",
    "AUDIO":"audius",
    "AUTO":"auto",
    "AVAX":"avalanche",
    "BEL":"bella-protocol",
    "QI":"benqi",
    "BETA":"beta-finance",
    "BTCB":"bitcoin-bep2",
    "BNB":"binancecoin",
    "BCH":"bitcoin-cash",
    "ADA":"cardano",
    "DOGE":"dogecoin",
    "EOS":"eos",
    "FIL":"filecoin",
    "FIRO":"zcoin",
    "IOTX":"iotex",
    "LTC":"litecoin",
    "ONT":"ontology",
    "DOT":"polkadot",
    "XRP":"ripple",
    "BNX":"binaryx",
    "STX":"blockstack",
    "CAKE":"pancakeswap-token",
    "CTK":"certik",
    "CHESS":"tranchess",
    "CHZ":"chiliz",
    "CITY":"manchester-city-fan-token",
    "CLV":"clover-finance",
    "CVP":"concentrated-voting-power",
    "COMP":"compound-coin",
    "PEOPLE":"constitutiondao",
    "CVX":"convex-finance",
    "CRV":"curve-dao-token",
    "DYDX":"dydx",
    "ERN":"ethernity-chain",
    "EPS":"ellipsis",
    "ETH":"ethereum",
    "ENS":"ethereum-name-service",
    "FUEL":"etherparty",
    "POLY":"polymath",
    "BAR":"fc-barcelona-fan-token",
    "FLOW":"flow",
    "FLUX":"flux",
    "FOR":"force-protocol",
    "FRONT":"frontier-token",
    "FTT":"ftx-token",
    "GALA":"gala",
    "GTC":"gitcoin",
    "ONE":"harmony",
    "HNT":"helium",
    "HOT":"holotoken",
    "ILV":"illuvium",
    "IMX":"immutable-x",
    "IRIS":"iris-network",
    "WINGS":"wings",
    "JOE":"joe",
    "KP3R":"keep3rv1",
    "KEY":"selfkey",
    "LINA":"linear",
    "LIT":"litentry",
    "LUN":"lunyr",
    "LUNA":"terra-luna",
    "MFT":"mainframe",
    "MDX":"mdex",
    "MC":"merit-circle",
    "MASK":"mask-network",
    "ALICE":"my-neighbor-alice",
    "XNO":"nano",
    "ROSE":"oasis-network",
    "ONG":"ong",
    "PAXG":"pax-gold",
    "USDP":"paxos-standard",
    "PERP":"perpetual-protocol",
    "PNT":"pnetwork",
    "PHX":"phoenix",
    "PLA":"playdapp",
    "POA":"poa-network",
    "QUICK":"quick",
    "RAD":"radicle",
    "RARE":"superrare",
    "RGT":"rari-governance-token",
    "RAY":"raydium",
    "RSR":"reserve-rights-token",
    "RUNE":"thorchain",
    "SAND":"the-sandbox",
    "SC":"siacoin",
    "SHIB":"shiba-inu",
    "SLP":"smooth-love-potion",
    "SOL":"solana",
    "SPELL":"spell-token",
    "USDS":"stableusd",
    "SUB":"substratum",
    "SUN":"sun",
    "SUPER":"superfarm",
    "SUSHI":"sushi",
    "SXP":"swipe",
    "UST":"terrausd",
    "TFUEL":"theta-fuel",
    "TRIBE":"tribe",
    "TRX":"tron",
    "TRU":"truefi",
    "UNI":"uniswap",
    "USDC":"usd-coin",
    "WIN":"wink",
    "WBTC":"wrapped-bitcoin",
    "YFI":"yearn-finance",
    "YGG":"yield-guild-games",
    "BNBBULL":"3x-long-bnb-token",
    "EOSBULL":"3x-long-eos-token",
    "ETHBULL":"3x-long-ethereum-token",
    "XRPBULL":"3x-long-xrp-token",
    "BNBBEAR":"3x-short-bnb-token",
    "EOSBEAR":"3x-short-eos-token",
    "ETHBEAR":"3x-short-ethereum-token",
    "XRPBEAR":"3x-short-xrp-token",
    "GHST":"aavegotchi",
    "AGLD":"adventure-gold",
    "AERGO":"aergo",
    "AE":"aeternity",
    "DLT":"agrello",
    "AION":"aion",
    "ALCX":"alchemix",
    "ACH":"alchemy-pay",
    "ALGO":"algorand",
    "ALPACA":"alpaca-finance",
    "ALPINE":"alpine-f1-team-fan-token",
    "AMB":"amber",
    "FORTH":"ampleforth-governance-token",
    "ANC":"anchor-protocol",
    "ANY":"anyswap",
    "API3":"api3",
    "APPC":"appcoins",
    "ANT":"aragon",
    "ARDR":"ardor",
    "ARK":"ark",
    "ARPA":"arpa-chain",
    "AR":"arweave",
    "ASR":"as-roma-fan-token",
    "ATM":"atletico-madrid",
    "AUCTION":"auction",
    "REP":"augur",
    "IDEX":"aurora-dao",
    "AXS":"axie-infinity",
    "BADGER":"badger-dao",
    "BAKE":"bakerytoken",
    "BAL":"balancer",
    "BAND":"band-protocol",
    "BOND":"barnbridge",
    "BEAM":"beam",
    "CHAT":"beechat",
    "BICO":"biconomy",
    "BUSD":"binance-usd",
    "BTC":"bitcoin",
    "BCD":"bitcoin-diamond",
    "BTG":"bitcoin-gold",
    "BTT":"bittorrent",
    "BCPT":"blockmason-credit-protocol",
    "BLZ":"bluzelle",
    "FIDA":"bonfida",
    "BRD":"bread",
    "BTCST":"btc-standard-hashrate-token",
    "BURGER":"burger-swap",
    "BCN":"bytecoin",
    "BZRX":"bzx-protocol",
    "CTSI":"cartesi",
    "CELR":"celer-network",
    "CELO":"celo",
    "CHR":"chromaway",
    "CND":"cindicator",
    "CLOAK":"cloakcoin",
    "COCOS":"cocos-bcx",
    "C98":"coin98",
    "AVA":"concierge-io",
    "CFX":"conflux-token",
    "COS":"contentos",
    "CTXC":"cortex",
    "ATOM":"cosmos",
    "COTI":"coti",
    "CMT":"cybermiles",
    "DASH":"dash",
    "DCR":"decred",
    "DEGO":"dego-finance",
    "DENT":"dent",
    "DEXE":"dexe",
    "DF":"dforce-token",
    "DIA":"dia-data",
    "DGB":"digibyte",
    "DGD":"digixdao",
    "DNT":"district0x",
    "DOCK":"dock",
    "DODO":"dodo",
    "DREP":"drep-new",
    "DUSK":"dusk-network",
    "EZ":"easyfi",
    "XEC":"ecash",
    "EGLD":"elrond-erd-2",
    "ENG":"enigma",
    "ETHDOWN":"ethdown",
    "ETC":"ethereum-classic",
    "LEND":"ethlend",
    "VGX":"elrond-erd-2",
    "ETHUP":"ethup",
    "EVX":"everex",
    "PORTO":"fc-porto",
    "FET":"fetch-ai",
    "FIO":"fio-protocol",
    "FLM":"flamingo-finance",
    "FUN":"funfair",
    "GTO":"gifto",
    "GNO":"gnosis",
    "GO":"gochain",
    "GLM":"golem",
    "GNT":"greentrust",
    "GRS":"groestlcoin",
    "HBAR":"hedera-hashgraph",
    "HIGH":"highstreet",
    "HIVE":"hive",
    "ICN":"i-coin",
    "ICX":"icon",
    "RLC":"iexec-rlc",
    "INJ":"injective-protocol",
    "ICP":"internet-computer",
    "IOST":"iostoken",
    "JASMY":"jasmycoin",
    "JST":"just",
    "JUV":"juventus-fan-token",
    "KAVA":"kava",
    "HARD":"kava-lend",
    "KLAY":"klay-token",
    "KMD":"komodo",
    "KSM":"kusama",
    "KNC":"kyber-network",
    "LAZIO":"lazio-fan-token",
    "LOKA":"league-of-kingdoms",
    "LSK":"lisk",
    "LPT":"livepeer",
    "LOOM":"loom-network",
    "LTO":"lto-network",
    "MKR":"maker",
    "OM":"mantra-dao",
    "POND":"marlin",
    "MATIC":"matic-network",
    "MDT":"measurable-data-token",
    "MLN":"melon",
    "MTL":"metal",
    "MINA":"mina-protocol",
    "DAR":"mines-of-dalarnia",
    "MIR":"mirror-protocol",
    "MITH":"mithril",
    "MBOX":"mobox",
    "MOD":"modefi",
    "MDA":"moeda-loyalty-points",
    "XMR":"monero",
    "MTH":"monetha",
    "GLMR":"moonbeam",
    "MOVR":"moonriver",
    "MBL":"moviebloc",
    "NAV":"nav-coin",
    "NEAR":"near",
    "NEBL":"neblio",
    "NAS":"nebulas",
    "XEM":"nem",
    "NEO":"neo",
    "CKB":"nervos-network",
    "NBS":"new-bitshares",
    "NXS":"nexus",
    "NKN":"nkn",
    "NCASH":"nucleus-vision",
    "NU":"nucypher",
    "NULS":"nuls",
    "NMR":"numeraire",
    "OCEAN":"ocean-protocol",
    "OG":"og-fan-token",
    "OMG":"omisego",
    "OOKI":"ooki",
    "OAX":"openanx",
    "OXT":"orchid-protocol",
    "OGN":"origin-protocol",
    "ORN":"orion-protocol",
    "PSG":"paris-saint-germain-fan-token",
    "PAX":"payperex",
    "PERL":"perlin",
    "PHA":"pha",
    "PIVX":"pivx",
    "POE":"poet",
    "POLS":"polkastarter",
    "PPT":"populous",
    "POWR":"power-ledger",
    "PROM":"prometeus",
    "NPXS":"pundi-x",
    "PUNDIX":"pundi-x-2",
    "QLC":"qlink",
    "QTUM":"qtum",
    "QNT":"quant-network",
    "QSP":"quantstamp",
    "QKC":"quark-chain",
    "RDN":"raiden-network",
    "RAMP":"ramp",
    "RVN":"ravencoin",
    "REEF":"reef-finance",
    "RENBTC":"renbtc",
    "RNDR":"render-token",
    "REQ":"request-network",
    "RIF":"rif-token",
    "RCN":"ripio-credit-network",
    "SFP":"safepal",
    "SALT":"salt",
    "SANTOS":"santos-fc-fan-token",
    "SCRT":"secret",
    "SRM":"serum",
    "OST":"simple-token",
    "SNGLS":"singulardtv",
    "AGIX":"singularitynet",
    "SKL":"skale",
    "SNM":"sonm",
    "SSV":"ssv-network",
    "FIS":"stafi",
    "BOT":"starbots",
    "STEEM":"steem",
    "XLM":"stellar",
    "STORJ":"storj",
    "STMX":"storm",
    "STORM":"storm",
    "STPT":"stp-network",
    "STRAX":"stratis",
    "SYS":"syscoin",
    "TRB":"tellor",
    "TVK":"terra-virtua-kolect",
    "XTZ":"tezos",
    "THETA":"theta-token",
    "TNT":"tierion",
    "TNB":"time-new-bank",
    "TKO":"tokocrypto",
    "TOMO":"tomochain",
    "TORN":"tornado-cash",
    "TROY":"troy",
    "TUSD":"true-usd",
    "TWT":"trust-wallet-token",
    "UMA":"uma",
    "UNFI":"unifi-protocol-dao",
    "UTK":"utrust",
    "VET":"vechain",
    "XVS":"venus",
    "XVG":"verge",
    "VTHO":"vethor-token",
    "VIA":"viacoin",
    "VIB":"viberate",
    "VIDT":"v-id-blockchain",
    "VITE":"vite",
    "VOXEL":"voxies",
    "PYR":"vulcan-forged",
    "WABI":"wabi",
    "WTC":"waltonchain",
    "WAN":"wanchain",
    "WAVES":"waves",
    "WAXP":"wax",
    "WRX":"wazirx",
    "WPR":"wepower",
    "WING":"wing-finance",
    "WOO":"woo-network",
    "WNXM":"wrapped-nxm",
    "YFII":"yfii-finance",
    "ZEC":"zcash",
    "ZEN":"zencash",
    "ZIL":"zilliqa",
    "REN":"republic-protocol",
    "SKY":"skycoin",
    "MET":"metronome",
    "REAP":"reapchain",
    "BNT":"bancor",
    "SOUL":"phantasma",
    "SWP":"kava-swap",
    "DATA":"streamr",
    "MORE":"legends-room",
    "CDT":"blox",
    "SNX":"havven",
    "MANA":"decentraland",
    "VIBE":"vibe",
    "BAS":"basis-share",
    "GAM":"gamma",
    "ELF":"aelf",
    "GAS":"gas",
    "GOD":"bitcoin-god",
    "ETHOS":"ethos",
    "GRT":"the-graph",
    "AKRO":"akropolis",
    "DAI":"dai",
    "INK":"ink",
    "FTM":"fantom",
    "GVT":"genesis-vision",
    "ENJ":"enjincoin",
    "HC":"hshare",
    "SUSD":"nusd",
    "BSC":"bitsonic-token",
    "CREAM":"cream-2",
    "TKN":"tokencard",
    "KEEP":"keep-network",
    "LRC":"loopring",
    "SNT":"status",
    "AST":"airswap",
    "ADX":"adex",
    "FXS":"frax-share",
    "LINK":"chainlink",
    "ACM":"ac-milan-fan-token",
    "SIG":"signal-token",
    "ORC":"orbit-chain",
    "PHB":"phoenix-global",
    "HONOR":"honor-token",
    "CVC":"civic",
    "BOX":"defibox",
    "PIE":"pie-share",
    "BAT":"basic-attention-token",
    "BTS":"bitshares",
    "TCT":"tokenclub",
    "ARN":"Aeron",
    "ERD":"elrond-erd-2",
    "BQX":"ethos",
    "VEN":"vechain",
    "YOYO":"yoyow",
    "YOYOW":"yoyow",
    "XZC":"zcoin",
    "EDO":"pnetwork",
    "GXS":"gxchain",
    "GXC":"gxchain",
    "NANO":"nano"
}